2018-05-04 08:41:03,End Capture Object Inventory,60
2018-05-04 08:41:03,Populate Quick Info Stats,0
2018-05-04 08:41:09,End Prepare Query specifications,6
2018-05-04 08:44:17,End Capture Trend Data ,188
2018-05-04 08:46:11,End Capture Config Data ,114
2018-05-04 08:46:35,End Capture Inventory Tree ,24
2018-05-04 08:56:51,End Collect All Config ,640
2018-05-04 08:57:43,End Save Trend Data ,52
2018-05-04 08:59:38,Ending Collection,1176
2018-05-04 09:01:00,End Capture Object Inventory,57
2018-05-04 09:01:00,Populate Quick Info Stats,0
2018-05-04 09:01:06,End Prepare Query specifications,6
2018-05-04 09:04:09,End Capture Trend Data ,183
2018-05-04 09:06:07,End Capture Config Data ,118
2018-05-04 09:06:44,End Capture Inventory Tree ,37
2018-05-04 09:17:06,End Collect All Config ,659
2018-05-04 09:17:57,End Save Trend Data ,51
2018-05-04 09:19:53,Ending Collection,1191
2018-05-04 10:20:56,End Capture Object Inventory,53
2018-05-04 10:20:56,Populate Quick Info Stats,0
2018-05-04 10:21:02,End Prepare Query specifications,6
2018-05-04 10:24:01,End Capture Trend Data ,179
2018-05-04 10:25:56,End Capture Config Data ,115
2018-05-04 10:26:31,End Capture Inventory Tree ,35
2018-05-04 10:36:59,End Collect All Config ,663
2018-05-04 10:37:51,End Save Trend Data ,52
2018-05-04 10:39:43,Ending Collection,1181
2018-05-04 10:40:54,End Capture Object Inventory,52
2018-05-04 10:40:54,Populate Quick Info Stats,0
2018-05-04 10:41:00,End Prepare Query specifications,6
2018-05-04 10:43:57,End Capture Trend Data ,177
2018-05-04 10:45:47,End Capture Config Data ,110
2018-05-04 10:46:24,End Capture Inventory Tree ,37
2018-05-04 10:56:20,End Collect All Config ,633
2018-05-04 10:57:11,End Save Trend Data ,51
2018-05-04 10:59:18,Ending Collection,1156
2018-05-04 11:20:53,End Capture Object Inventory,51
2018-05-04 11:20:53,Populate Quick Info Stats,0
2018-05-04 11:20:59,End Prepare Query specifications,6
2018-05-04 11:23:54,End Capture Trend Data ,175
2018-05-04 11:25:44,End Capture Config Data ,110
2018-05-04 11:26:14,End Capture Inventory Tree ,30
2018-05-04 11:35:48,End Collect All Config ,604
2018-05-04 11:36:39,End Save Trend Data ,51
2018-05-04 11:38:21,Ending Collection,1100
2018-05-04 11:40:52,End Capture Object Inventory,50
2018-05-04 11:40:52,Populate Quick Info Stats,0
2018-05-04 11:40:58,End Prepare Query specifications,6
2018-05-04 11:43:51,End Capture Trend Data ,173
2018-05-04 11:45:41,End Capture Config Data ,110
2018-05-04 11:46:14,End Capture Inventory Tree ,33
2018-05-04 11:55:56,End Collect All Config ,615
2018-05-04 11:56:46,End Save Trend Data ,50
2018-05-04 11:58:34,Ending Collection,1113
2018-05-04 12:20:55,End Capture Object Inventory,52
2018-05-04 12:20:55,Populate Quick Info Stats,0
2018-05-04 12:21:01,End Prepare Query specifications,6
2018-05-04 12:24:01,End Capture Trend Data ,180
2018-05-04 12:24:31,End Capture Trend Data ,0
2018-05-04 12:26:15,End Capture Config Data ,104
2018-05-04 12:26:48,End Capture Inventory Tree ,33
2018-05-04 12:35:26,End Collect All Config ,551
2018-05-04 12:36:13,End Save Trend Data ,47
2018-05-04 12:36:13,Ending Collection,971
2018-05-04 12:40:54,End Capture Object Inventory,51
2018-05-04 12:40:55,Populate Quick Info Stats,1
2018-05-04 12:41:00,End Prepare Query specifications,5
2018-05-04 12:43:53,End Capture Trend Data ,173
2018-05-04 12:45:42,End Capture Config Data ,109
2018-05-04 12:46:15,End Capture Inventory Tree ,33
2018-05-04 12:55:49,End Collect All Config ,607
2018-05-04 12:56:37,End Save Trend Data ,48
2018-05-04 12:58:22,Ending Collection,1100
2018-05-04 13:00:56,End Capture Object Inventory,53
2018-05-04 13:00:56,Populate Quick Info Stats,0
2018-05-04 13:01:01,End Prepare Query specifications,5
2018-05-04 13:03:57,End Capture Trend Data ,176
2018-05-04 13:05:45,End Capture Config Data ,108
2018-05-04 13:06:21,End Capture Inventory Tree ,36
2018-05-04 13:15:56,End Collect All Config ,611
2018-05-04 13:16:47,End Save Trend Data ,51
2018-05-04 13:18:33,Ending Collection,1111
2018-05-04 13:20:53,End Capture Object Inventory,50
2018-05-04 13:20:53,Populate Quick Info Stats,0
2018-05-04 13:20:58,End Prepare Query specifications,5
2018-05-04 13:23:51,End Capture Trend Data ,173
2018-05-04 13:25:39,End Capture Config Data ,108
2018-05-04 13:26:14,End Capture Inventory Tree ,35
2018-05-04 13:35:45,End Collect All Config ,606
2018-05-04 13:36:37,End Save Trend Data ,52
2018-05-04 13:38:23,Ending Collection,1101
2018-05-04 13:40:52,End Capture Object Inventory,49
2018-05-04 13:40:52,Populate Quick Info Stats,0
2018-05-04 13:40:58,End Prepare Query specifications,6
2018-05-04 13:43:48,End Capture Trend Data ,170
2018-05-04 13:45:35,End Capture Config Data ,107
2018-05-04 13:46:08,End Capture Inventory Tree ,33
2018-05-04 13:55:46,End Collect All Config ,611
2018-05-04 13:56:35,End Save Trend Data ,49
2018-05-04 13:58:22,Ending Collection,1100
2018-05-04 14:01:00,End Capture Object Inventory,58
2018-05-04 14:01:00,Populate Quick Info Stats,0
2018-05-04 14:01:06,End Prepare Query specifications,6
2018-05-04 14:03:58,End Capture Trend Data ,172
2018-05-04 14:05:45,End Capture Config Data ,107
2018-05-04 14:06:18,End Capture Inventory Tree ,33
2018-05-04 14:15:54,End Collect All Config ,609
2018-05-04 14:16:43,End Save Trend Data ,49
2018-05-04 14:18:30,Ending Collection,1108
2018-05-04 14:20:54,End Capture Object Inventory,52
2018-05-04 14:20:54,Populate Quick Info Stats,0
2018-05-04 14:21:00,End Prepare Query specifications,6
2018-05-04 14:23:53,End Capture Trend Data ,173
2018-05-04 14:25:43,End Capture Config Data ,110
2018-05-04 14:26:19,End Capture Inventory Tree ,36
2018-05-04 14:35:49,End Collect All Config ,606
2018-05-04 14:36:39,End Save Trend Data ,50
2018-05-04 14:38:26,Ending Collection,1104
2018-05-04 14:40:59,End Capture Object Inventory,56
2018-05-04 14:40:59,Populate Quick Info Stats,0
2018-05-04 14:41:05,End Prepare Query specifications,6
2018-05-04 14:43:59,End Capture Trend Data ,174
2018-05-04 14:45:49,End Capture Config Data ,110
2018-05-04 14:46:22,End Capture Inventory Tree ,33
2018-05-04 14:55:58,End Collect All Config ,609
2018-05-04 14:56:49,End Save Trend Data ,51
2018-05-04 14:58:37,Ending Collection,1115
2018-05-04 15:00:58,End Capture Object Inventory,55
2018-05-04 15:00:58,Populate Quick Info Stats,0
2018-05-04 15:01:04,End Prepare Query specifications,6
2018-05-04 15:04:04,End Capture Trend Data ,180
2018-05-04 15:05:54,End Capture Config Data ,110
2018-05-04 15:06:28,End Capture Inventory Tree ,34
2018-05-04 15:16:13,End Collect All Config ,619
2018-05-04 15:17:03,End Save Trend Data ,50
2018-05-04 15:18:52,Ending Collection,1130
2018-05-04 15:20:55,End Capture Object Inventory,53
2018-05-04 15:20:55,Populate Quick Info Stats,0
2018-05-04 15:21:00,End Prepare Query specifications,5
2018-05-04 15:23:56,End Capture Trend Data ,176
2018-05-04 15:25:45,End Capture Config Data ,109
2018-05-04 15:26:19,End Capture Inventory Tree ,34
2018-05-04 15:36:07,End Collect All Config ,622
2018-05-04 15:36:57,End Save Trend Data ,50
2018-05-04 15:38:45,Ending Collection,1123
2018-05-04 16:20:56,End Capture Object Inventory,53
2018-05-04 16:20:56,Populate Quick Info Stats,0
2018-05-04 16:21:01,End Prepare Query specifications,5
2018-05-04 16:24:02,End Capture Trend Data ,181
2018-05-04 16:25:53,End Capture Config Data ,111
2018-05-04 16:26:27,End Capture Inventory Tree ,34
2018-05-04 16:36:30,End Collect All Config ,637
2018-05-04 16:37:23,End Save Trend Data ,53
2018-05-04 16:39:12,Ending Collection,1150
2018-05-04 16:40:54,End Capture Object Inventory,51
2018-05-04 16:40:54,Populate Quick Info Stats,0
2018-05-04 16:41:00,End Prepare Query specifications,6
2018-05-04 16:43:58,End Capture Trend Data ,178
2018-05-04 16:45:52,End Capture Config Data ,114
2018-05-04 16:46:26,End Capture Inventory Tree ,34
2018-05-04 16:56:31,End Collect All Config ,639
2018-05-04 16:57:21,End Save Trend Data ,50
2018-05-04 16:59:15,Ending Collection,1153
2018-05-04 17:00:57,End Capture Object Inventory,54
2018-05-04 17:00:57,Populate Quick Info Stats,0
2018-05-04 17:01:03,End Prepare Query specifications,6
2018-05-04 17:04:03,End Capture Trend Data ,180
2018-05-04 17:05:57,End Capture Config Data ,114
2018-05-04 17:06:29,End Capture Inventory Tree ,32
2018-05-04 17:16:34,End Collect All Config ,637
2018-05-04 17:17:24,End Save Trend Data ,50
2018-05-04 17:19:15,Ending Collection,1153
2018-05-04 17:20:54,End Capture Object Inventory,51
2018-05-04 17:20:54,Populate Quick Info Stats,0
2018-05-04 17:21:00,End Prepare Query specifications,6
2018-05-04 17:23:59,End Capture Trend Data ,179
2018-05-04 17:25:54,End Capture Config Data ,115
2018-05-04 17:26:29,End Capture Inventory Tree ,35
2018-05-04 17:36:28,End Collect All Config ,634
2018-05-04 17:37:18,End Save Trend Data ,50
2018-05-04 17:39:10,Ending Collection,1148
2018-05-04 17:40:54,End Capture Object Inventory,51
2018-05-04 17:40:54,Populate Quick Info Stats,0
2018-05-04 17:41:00,End Prepare Query specifications,6
2018-05-04 17:43:59,End Capture Trend Data ,179
2018-05-04 17:45:52,End Capture Config Data ,113
2018-05-04 17:46:17,End Capture Inventory Tree ,25
2018-05-04 17:56:29,End Collect All Config ,637
2018-05-04 17:57:22,End Save Trend Data ,53
2018-05-04 17:59:13,Ending Collection,1151
2018-05-04 18:00:57,End Capture Object Inventory,55
2018-05-04 18:00:57,Populate Quick Info Stats,0
2018-05-04 18:01:04,End Prepare Query specifications,7
2018-05-04 18:04:06,End Capture Trend Data ,182
2018-05-04 18:06:02,End Capture Config Data ,116
2018-05-04 18:06:33,End Capture Inventory Tree ,31
2018-05-04 18:16:41,End Collect All Config ,639
2018-05-04 18:17:31,End Save Trend Data ,50
2018-05-04 18:19:23,Ending Collection,1161
2018-05-04 18:20:55,End Capture Object Inventory,52
2018-05-04 18:20:55,Populate Quick Info Stats,0
2018-05-04 18:21:01,End Prepare Query specifications,6
2018-05-04 18:23:58,End Capture Trend Data ,177
2018-05-04 18:25:51,End Capture Config Data ,113
2018-05-04 18:26:25,End Capture Inventory Tree ,34
2018-05-04 18:36:25,End Collect All Config ,634
2018-05-04 18:37:15,End Save Trend Data ,50
2018-05-04 18:39:06,Ending Collection,1144
2018-05-04 18:40:56,End Capture Object Inventory,53
2018-05-04 18:40:56,Populate Quick Info Stats,0
2018-05-04 18:41:02,End Prepare Query specifications,6
2018-05-04 18:43:58,End Capture Trend Data ,176
2018-05-04 18:45:51,End Capture Config Data ,113
2018-05-04 18:46:26,End Capture Inventory Tree ,35
2018-05-04 18:56:24,End Collect All Config ,633
2018-05-04 18:57:15,End Save Trend Data ,51
2018-05-04 18:59:07,Ending Collection,1145
2018-05-04 19:00:59,End Capture Object Inventory,56
2018-05-04 19:00:59,Populate Quick Info Stats,0
2018-05-04 19:01:05,End Prepare Query specifications,6
2018-05-04 19:04:04,End Capture Trend Data ,179
2018-05-04 19:06:01,End Capture Config Data ,117
2018-05-04 19:06:40,End Capture Inventory Tree ,39
2018-05-04 19:16:26,End Collect All Config ,625
2018-05-04 19:17:15,End Save Trend Data ,49
2018-05-04 19:19:03,Ending Collection,1141
2018-05-04 19:20:56,End Capture Object Inventory,53
2018-05-04 19:20:56,Populate Quick Info Stats,0
2018-05-04 19:21:02,End Prepare Query specifications,6
2018-05-04 19:23:55,End Capture Trend Data ,173
2018-05-04 19:25:43,End Capture Config Data ,108
2018-05-04 19:26:16,End Capture Inventory Tree ,33
2018-05-04 19:35:59,End Collect All Config ,616
2018-05-04 19:36:48,End Save Trend Data ,49
2018-05-04 19:38:39,Ending Collection,1117
2018-05-04 19:40:54,End Capture Object Inventory,52
2018-05-04 19:40:54,Populate Quick Info Stats,0
2018-05-04 19:40:59,End Prepare Query specifications,5
2018-05-04 19:43:52,End Capture Trend Data ,173
2018-05-04 19:45:40,End Capture Config Data ,108
2018-05-04 19:46:11,End Capture Inventory Tree ,31
2018-05-04 19:55:54,End Collect All Config ,614
2018-05-04 19:56:45,End Save Trend Data ,51
2018-05-04 19:58:36,Ending Collection,1115
2018-05-04 20:00:54,End Capture Object Inventory,52
2018-05-04 20:00:54,Populate Quick Info Stats,0
2018-05-04 20:01:00,End Prepare Query specifications,6
2018-05-04 20:03:54,End Capture Trend Data ,174
2018-05-04 20:05:41,End Capture Config Data ,107
2018-05-04 20:06:12,End Capture Inventory Tree ,31
2018-05-04 20:15:55,End Collect All Config ,614
2018-05-04 20:16:44,End Save Trend Data ,49
2018-05-04 20:18:31,Ending Collection,1109
2018-05-04 20:20:58,End Capture Object Inventory,55
2018-05-04 20:20:58,Populate Quick Info Stats,0
2018-05-04 20:21:04,End Prepare Query specifications,6
2018-05-04 20:23:53,End Capture Trend Data ,169
2018-05-04 20:25:40,End Capture Config Data ,107
2018-05-04 20:26:04,End Capture Inventory Tree ,24
2018-05-04 20:35:48,End Collect All Config ,608
2018-05-04 20:36:37,End Save Trend Data ,49
2018-05-04 20:38:27,Ending Collection,1105
2018-05-04 20:40:54,End Capture Object Inventory,51
2018-05-04 20:40:54,Populate Quick Info Stats,0
2018-05-04 20:40:59,End Prepare Query specifications,5
2018-05-04 20:43:50,End Capture Trend Data ,171
2018-05-04 20:45:37,End Capture Config Data ,107
2018-05-04 20:46:03,End Capture Inventory Tree ,26
2018-05-04 20:55:43,End Collect All Config ,606
2018-05-04 20:56:31,End Save Trend Data ,48
2018-05-04 20:58:18,Ending Collection,1096
2018-05-04 21:00:55,End Capture Object Inventory,52
2018-05-04 21:00:55,Populate Quick Info Stats,0
2018-05-04 21:01:01,End Prepare Query specifications,6
2018-05-04 21:03:53,End Capture Trend Data ,172
2018-05-04 21:05:41,End Capture Config Data ,108
2018-05-04 21:06:15,End Capture Inventory Tree ,34
2018-05-04 21:15:49,End Collect All Config ,608
2018-05-04 21:16:40,End Save Trend Data ,51
2018-05-04 21:18:26,Ending Collection,1104
2018-05-04 21:20:53,End Capture Object Inventory,51
2018-05-04 21:20:53,Populate Quick Info Stats,0
2018-05-04 21:20:59,End Prepare Query specifications,6
2018-05-04 21:23:49,End Capture Trend Data ,170
2018-05-04 21:25:36,End Capture Config Data ,107
2018-05-04 21:26:06,End Capture Inventory Tree ,30
2018-05-04 21:35:46,End Collect All Config ,610
2018-05-04 21:36:37,End Save Trend Data ,51
2018-05-04 21:38:24,Ending Collection,1103
2018-05-04 21:40:55,End Capture Object Inventory,53
2018-05-04 21:40:55,Populate Quick Info Stats,0
2018-05-04 21:41:01,End Prepare Query specifications,6
2018-05-04 21:43:52,End Capture Trend Data ,171
2018-05-04 21:45:43,End Capture Config Data ,111
2018-05-04 21:46:22,End Capture Inventory Tree ,39
2018-05-04 21:57:11,End Collect All Config ,688
2018-05-04 21:58:03,End Save Trend Data ,52
2018-05-04 22:00:04,Ending Collection,1202
2018-05-04 22:40:58,End Capture Object Inventory,55
2018-05-04 22:40:58,Populate Quick Info Stats,0
2018-05-04 22:41:04,End Prepare Query specifications,6
2018-05-04 22:44:10,End Capture Trend Data ,186
2018-05-04 22:46:05,End Capture Config Data ,115
2018-05-04 22:46:42,End Capture Inventory Tree ,37
2018-05-04 22:56:56,End Collect All Config ,651
2018-05-04 22:57:48,End Save Trend Data ,52
2018-05-04 22:59:47,Ending Collection,1185
2018-05-04 23:20:59,End Capture Object Inventory,56
2018-05-04 23:20:59,Populate Quick Info Stats,0
2018-05-04 23:21:05,End Prepare Query specifications,6
2018-05-04 23:24:17,End Capture Trend Data ,192
2018-05-04 23:26:18,End Capture Config Data ,121
2018-05-04 23:26:53,End Capture Inventory Tree ,35
2018-05-04 23:37:16,End Collect All Config ,658
2018-05-04 23:38:09,End Save Trend Data ,53
2018-05-04 23:40:06,Ending Collection,1203
2018-05-04 23:40:57,End Capture Object Inventory,54
2018-05-04 23:40:57,Populate Quick Info Stats,0
2018-05-04 23:41:03,End Prepare Query specifications,6
2018-05-04 23:44:11,End Capture Trend Data ,188
2018-05-04 23:46:06,End Capture Config Data ,115
2018-05-04 23:46:38,End Capture Inventory Tree ,32
2018-05-04 23:56:58,End Collect All Config ,652
2018-05-04 23:57:51,End Save Trend Data ,53
2018-05-04 23:59:51,Ending Collection,1189
2018-05-05 00:01:05,End Capture Object Inventory,60
2018-05-05 00:01:05,Populate Quick Info Stats,0
2018-05-05 00:01:11,End Prepare Query specifications,6
2018-05-05 00:04:33,End Capture Trend Data ,202
2018-05-05 00:06:31,End Capture Config Data ,118
2018-05-05 00:06:59,End Capture Inventory Tree ,28
2018-05-05 00:17:13,End Collect All Config ,642
2018-05-05 00:18:03,End Save Trend Data ,50
2018-05-05 00:19:57,Ending Collection,1194
2018-05-05 00:20:56,End Capture Object Inventory,53
2018-05-05 00:20:56,Populate Quick Info Stats,0
2018-05-05 00:21:02,End Prepare Query specifications,6
2018-05-05 00:23:54,End Capture Trend Data ,172
2018-05-05 00:25:46,End Capture Config Data ,112
2018-05-05 00:26:23,End Capture Inventory Tree ,37
2018-05-05 00:36:26,End Collect All Config ,640
2018-05-05 00:37:16,End Save Trend Data ,50
2018-05-05 00:39:07,Ending Collection,1145
2018-05-05 00:40:58,End Capture Object Inventory,55
2018-05-05 00:40:58,Populate Quick Info Stats,0
2018-05-05 00:41:04,End Prepare Query specifications,6
2018-05-05 00:44:02,End Capture Trend Data ,178
2018-05-05 00:45:57,End Capture Config Data ,115
2018-05-05 00:46:28,End Capture Inventory Tree ,31
2018-05-05 00:57:01,End Collect All Config ,664
2018-05-05 00:57:52,End Save Trend Data ,51
2018-05-05 00:59:46,Ending Collection,1183
2018-05-05 01:00:59,End Capture Object Inventory,56
2018-05-05 01:00:59,Populate Quick Info Stats,0
2018-05-05 01:01:05,End Prepare Query specifications,6
2018-05-05 01:04:06,End Capture Trend Data ,181
2018-05-05 01:06:05,End Capture Config Data ,119
2018-05-05 01:06:40,End Capture Inventory Tree ,35
2018-05-05 01:16:38,End Collect All Config ,633
2018-05-05 01:17:30,End Save Trend Data ,52
2018-05-05 01:19:15,Ending Collection,1153
2018-05-05 01:20:55,End Capture Object Inventory,52
2018-05-05 01:20:55,Populate Quick Info Stats,0
2018-05-05 01:21:01,End Prepare Query specifications,6
2018-05-05 01:23:58,End Capture Trend Data ,177
2018-05-05 01:25:52,End Capture Config Data ,114
2018-05-05 01:26:20,End Capture Inventory Tree ,28
2018-05-05 01:36:11,End Collect All Config ,619
2018-05-05 01:37:01,End Save Trend Data ,50
2018-05-05 01:38:48,Ending Collection,1126
2018-05-05 01:40:54,End Capture Object Inventory,52
2018-05-05 01:40:54,Populate Quick Info Stats,0
2018-05-05 01:40:59,End Prepare Query specifications,5
2018-05-05 01:43:54,End Capture Trend Data ,175
2018-05-05 01:45:45,End Capture Config Data ,111
2018-05-05 01:46:21,End Capture Inventory Tree ,36
2018-05-05 01:56:03,End Collect All Config ,618
2018-05-05 01:56:52,End Save Trend Data ,49
2018-05-05 01:58:39,Ending Collection,1117
2018-05-05 02:00:58,End Capture Object Inventory,56
2018-05-05 02:00:58,Populate Quick Info Stats,0
2018-05-05 02:01:04,End Prepare Query specifications,6
2018-05-05 02:04:02,End Capture Trend Data ,178
2018-05-05 02:05:59,End Capture Config Data ,117
2018-05-05 02:06:30,End Capture Inventory Tree ,31
2018-05-05 02:16:41,End Collect All Config ,642
2018-05-05 02:17:32,End Save Trend Data ,51
2018-05-05 02:19:21,Ending Collection,1159
2018-05-05 02:20:57,End Capture Object Inventory,54
2018-05-05 02:20:57,Populate Quick Info Stats,0
2018-05-05 02:21:03,End Prepare Query specifications,6
2018-05-05 02:24:01,End Capture Trend Data ,178
2018-05-05 02:25:55,End Capture Config Data ,114
2018-05-05 02:26:26,End Capture Inventory Tree ,31
2018-05-05 02:36:42,End Collect All Config ,647
2018-05-05 02:37:31,End Save Trend Data ,49
2018-05-05 02:39:18,Ending Collection,1156
2018-05-05 02:40:56,End Capture Object Inventory,53
2018-05-05 02:40:56,Populate Quick Info Stats,0
2018-05-05 02:41:02,End Prepare Query specifications,6
2018-05-05 02:43:56,End Capture Trend Data ,174
2018-05-05 02:45:45,End Capture Config Data ,109
2018-05-05 02:46:18,End Capture Inventory Tree ,33
2018-05-05 02:56:08,End Collect All Config ,623
2018-05-05 02:56:59,End Save Trend Data ,51
2018-05-05 02:58:46,Ending Collection,1124
2018-05-05 03:00:54,End Capture Object Inventory,51
2018-05-05 03:00:54,Populate Quick Info Stats,0
2018-05-05 03:01:00,End Prepare Query specifications,6
2018-05-05 03:03:53,End Capture Trend Data ,173
2018-05-05 03:05:42,End Capture Config Data ,109
2018-05-05 03:06:06,End Capture Inventory Tree ,24
2018-05-05 03:16:00,End Collect All Config ,618
2018-05-05 03:16:51,End Save Trend Data ,51
2018-05-05 03:18:39,Ending Collection,1117
2018-05-05 03:20:55,End Capture Object Inventory,52
2018-05-05 03:20:55,Populate Quick Info Stats,0
2018-05-05 03:21:00,End Prepare Query specifications,5
2018-05-05 03:23:53,End Capture Trend Data ,173
2018-05-05 03:25:41,End Capture Config Data ,108
2018-05-05 03:26:15,End Capture Inventory Tree ,34
2018-05-05 03:35:58,End Collect All Config ,617
2018-05-05 03:36:49,End Save Trend Data ,51
2018-05-05 03:38:35,Ending Collection,1113
2018-05-05 03:40:53,End Capture Object Inventory,50
2018-05-05 03:40:53,Populate Quick Info Stats,0
2018-05-05 03:40:59,End Prepare Query specifications,6
2018-05-05 03:43:48,End Capture Trend Data ,169
2018-05-05 03:45:35,End Capture Config Data ,107
2018-05-05 03:46:07,End Capture Inventory Tree ,32
2018-05-05 03:55:34,End Collect All Config ,599
2018-05-05 03:56:23,End Save Trend Data ,49
2018-05-05 03:58:08,Ending Collection,1086
2018-05-05 04:00:54,End Capture Object Inventory,51
2018-05-05 04:00:54,Populate Quick Info Stats,0
2018-05-05 04:01:00,End Prepare Query specifications,6
2018-05-05 04:03:50,End Capture Trend Data ,170
2018-05-05 04:05:38,End Capture Config Data ,108
2018-05-05 04:06:13,End Capture Inventory Tree ,35
2018-05-05 04:15:40,End Collect All Config ,602
2018-05-05 04:16:28,End Save Trend Data ,48
2018-05-05 04:18:14,Ending Collection,1092
2018-05-05 04:20:53,End Capture Object Inventory,50
2018-05-05 04:20:53,Populate Quick Info Stats,0
2018-05-05 04:20:59,End Prepare Query specifications,6
2018-05-05 04:23:50,End Capture Trend Data ,171
2018-05-05 04:25:37,End Capture Config Data ,107
2018-05-05 04:26:09,End Capture Inventory Tree ,32
2018-05-05 04:35:40,End Collect All Config ,603
2018-05-05 04:36:29,End Save Trend Data ,49
2018-05-05 04:38:13,Ending Collection,1091
2018-05-05 04:40:53,End Capture Object Inventory,51
2018-05-05 04:40:53,Populate Quick Info Stats,0
2018-05-05 04:40:59,End Prepare Query specifications,6
2018-05-05 04:43:47,End Capture Trend Data ,168
2018-05-05 04:45:33,End Capture Config Data ,106
2018-05-05 04:46:06,End Capture Inventory Tree ,33
2018-05-05 04:55:37,End Collect All Config ,604
2018-05-05 04:56:28,End Save Trend Data ,51
2018-05-05 04:58:14,Ending Collection,1092
2018-05-05 05:00:53,End Capture Object Inventory,50
2018-05-05 05:00:53,Populate Quick Info Stats,0
2018-05-05 05:00:58,End Prepare Query specifications,5
2018-05-05 05:03:53,End Capture Trend Data ,175
2018-05-05 05:05:40,End Capture Config Data ,107
2018-05-05 05:06:09,End Capture Inventory Tree ,29
2018-05-05 05:15:47,End Collect All Config ,607
2018-05-05 05:16:35,End Save Trend Data ,48
2018-05-05 05:18:20,Ending Collection,1098
2018-05-05 05:20:54,End Capture Object Inventory,51
2018-05-05 05:20:54,Populate Quick Info Stats,0
2018-05-05 05:20:59,End Prepare Query specifications,5
2018-05-05 05:23:49,End Capture Trend Data ,170
2018-05-05 05:25:41,End Capture Config Data ,112
2018-05-05 05:26:16,End Capture Inventory Tree ,35
2018-05-05 05:35:50,End Collect All Config ,609
2018-05-05 05:36:39,End Save Trend Data ,49
2018-05-05 05:38:23,Ending Collection,1101
2018-05-05 05:40:53,End Capture Object Inventory,50
2018-05-05 05:40:53,Populate Quick Info Stats,0
2018-05-05 05:40:59,End Prepare Query specifications,6
2018-05-05 05:43:47,End Capture Trend Data ,168
2018-05-05 05:45:34,End Capture Config Data ,107
2018-05-05 05:46:06,End Capture Inventory Tree ,32
2018-05-05 05:55:40,End Collect All Config ,606
2018-05-05 05:56:29,End Save Trend Data ,49
2018-05-05 05:58:16,Ending Collection,1094
2018-05-05 06:00:56,End Capture Object Inventory,53
2018-05-05 06:00:56,Populate Quick Info Stats,0
2018-05-05 06:01:02,End Prepare Query specifications,6
2018-05-05 06:03:52,End Capture Trend Data ,170
2018-05-05 06:05:40,End Capture Config Data ,108
2018-05-05 06:06:15,End Capture Inventory Tree ,35
2018-05-05 06:15:45,End Collect All Config ,605
2018-05-05 06:16:34,End Save Trend Data ,49
2018-05-05 06:18:21,Ending Collection,1099
2018-05-05 06:20:54,End Capture Object Inventory,52
2018-05-05 06:20:54,Populate Quick Info Stats,0
2018-05-05 06:20:59,End Prepare Query specifications,5
2018-05-05 06:23:51,End Capture Trend Data ,172
2018-05-05 06:25:39,End Capture Config Data ,108
2018-05-05 06:26:09,End Capture Inventory Tree ,30
2018-05-05 06:35:47,End Collect All Config ,608
2018-05-05 06:36:38,End Save Trend Data ,51
2018-05-05 06:38:24,Ending Collection,1102
2018-05-05 06:40:53,End Capture Object Inventory,51
2018-05-05 06:40:53,Populate Quick Info Stats,0
2018-05-05 06:40:59,End Prepare Query specifications,6
2018-05-05 06:43:50,End Capture Trend Data ,171
2018-05-05 06:45:38,End Capture Config Data ,108
2018-05-05 06:46:14,End Capture Inventory Tree ,36
2018-05-05 06:55:28,End Collect All Config ,590
2018-05-05 06:56:15,End Save Trend Data ,47
2018-05-05 06:57:57,Ending Collection,1075
2018-05-05 07:00:54,End Capture Object Inventory,51
2018-05-05 07:00:54,Populate Quick Info Stats,0
2018-05-05 07:01:00,End Prepare Query specifications,6
2018-05-05 07:03:50,End Capture Trend Data ,170
2018-05-05 07:05:39,End Capture Config Data ,109
2018-05-05 07:06:14,End Capture Inventory Tree ,35
2018-05-05 07:15:30,End Collect All Config ,591
2018-05-05 07:16:18,End Save Trend Data ,48
2018-05-05 07:17:59,Ending Collection,1077
2018-05-05 08:20:55,End Capture Object Inventory,52
2018-05-05 08:20:55,Populate Quick Info Stats,0
2018-05-05 08:21:01,End Prepare Query specifications,6
2018-05-05 08:23:54,End Capture Trend Data ,173
2018-05-05 08:25:50,End Capture Config Data ,116
2018-05-05 08:26:24,End Capture Inventory Tree ,34
2018-05-05 08:36:40,End Collect All Config ,650
2018-05-05 08:37:32,End Save Trend Data ,52
2018-05-05 08:39:27,Ending Collection,1165
2018-05-05 08:40:56,End Capture Object Inventory,54
2018-05-05 08:40:56,Populate Quick Info Stats,0
2018-05-05 08:41:02,End Prepare Query specifications,6
2018-05-05 08:44:06,End Capture Trend Data ,184
2018-05-05 08:46:04,End Capture Config Data ,118
2018-05-05 08:46:40,End Capture Inventory Tree ,36
2018-05-05 08:57:01,End Collect All Config ,657
2018-05-05 08:57:52,End Save Trend Data ,51
2018-05-05 08:59:47,Ending Collection,1185
2018-05-05 09:00:58,End Capture Object Inventory,55
2018-05-05 09:00:58,Populate Quick Info Stats,0
2018-05-05 09:01:04,End Prepare Query specifications,6
2018-05-05 09:04:09,End Capture Trend Data ,185
2018-05-05 09:06:07,End Capture Config Data ,118
2018-05-05 09:06:41,End Capture Inventory Tree ,34
2018-05-05 09:16:53,End Collect All Config ,646
2018-05-05 09:17:43,End Save Trend Data ,50
2018-05-05 09:19:37,Ending Collection,1175
2018-05-05 09:20:56,End Capture Object Inventory,54
2018-05-05 09:20:56,Populate Quick Info Stats,0
2018-05-05 09:21:02,End Prepare Query specifications,6
2018-05-05 09:24:02,End Capture Trend Data ,180
2018-05-05 09:25:57,End Capture Config Data ,115
2018-05-05 09:26:34,End Capture Inventory Tree ,37
2018-05-05 09:36:39,End Collect All Config ,642
2018-05-05 09:37:29,End Save Trend Data ,50
2018-05-05 09:39:20,Ending Collection,1158
2018-05-05 09:40:57,End Capture Object Inventory,54
2018-05-05 09:40:57,Populate Quick Info Stats,0
2018-05-05 09:41:03,End Prepare Query specifications,6
2018-05-05 09:44:00,End Capture Trend Data ,177
2018-05-05 09:45:55,End Capture Config Data ,115
2018-05-05 09:46:33,End Capture Inventory Tree ,38
2018-05-05 09:56:35,End Collect All Config ,640
2018-05-05 09:57:25,End Save Trend Data ,50
2018-05-05 09:59:16,Ending Collection,1154
2018-05-05 10:00:58,End Capture Object Inventory,55
2018-05-05 10:00:58,Populate Quick Info Stats,0
2018-05-05 10:01:04,End Prepare Query specifications,6
2018-05-05 10:04:01,End Capture Trend Data ,177
2018-05-05 10:05:52,End Capture Config Data ,111
2018-05-05 10:06:29,End Capture Inventory Tree ,37
2018-05-05 10:16:17,End Collect All Config ,625
2018-05-05 10:17:07,End Save Trend Data ,50
2018-05-05 10:18:56,Ending Collection,1134
2018-05-05 10:20:55,End Capture Object Inventory,53
2018-05-05 10:20:55,Populate Quick Info Stats,0
2018-05-05 10:21:00,End Prepare Query specifications,5
2018-05-05 10:23:52,End Capture Trend Data ,172
2018-05-05 10:25:44,End Capture Config Data ,112
2018-05-05 10:26:11,End Capture Inventory Tree ,27
2018-05-05 10:36:05,End Collect All Config ,621
2018-05-05 10:36:54,End Save Trend Data ,49
2018-05-05 10:38:42,Ending Collection,1120
2018-05-05 10:40:54,End Capture Object Inventory,52
2018-05-05 10:40:54,Populate Quick Info Stats,0
2018-05-05 10:41:00,End Prepare Query specifications,6
2018-05-05 10:43:54,End Capture Trend Data ,174
2018-05-05 10:45:45,End Capture Config Data ,111
2018-05-05 10:46:19,End Capture Inventory Tree ,34
2018-05-05 10:56:05,End Collect All Config ,620
2018-05-05 10:56:54,End Save Trend Data ,49
2018-05-05 10:58:42,Ending Collection,1120
2018-05-05 11:00:54,End Capture Object Inventory,51
2018-05-05 11:00:54,Populate Quick Info Stats,0
2018-05-05 11:01:00,End Prepare Query specifications,6
2018-05-05 11:03:50,End Capture Trend Data ,170
2018-05-05 11:05:41,End Capture Config Data ,111
2018-05-05 11:06:14,End Capture Inventory Tree ,33
2018-05-05 11:15:59,End Collect All Config ,618
2018-05-05 11:16:50,End Save Trend Data ,51
2018-05-05 11:18:38,Ending Collection,1116
2018-05-05 11:20:55,End Capture Object Inventory,52
2018-05-05 11:20:55,Populate Quick Info Stats,0
2018-05-05 11:21:01,End Prepare Query specifications,6
2018-05-05 11:23:53,End Capture Trend Data ,172
2018-05-05 11:25:43,End Capture Config Data ,110
2018-05-05 11:26:17,End Capture Inventory Tree ,34
2018-05-05 11:36:03,End Collect All Config ,620
2018-05-05 11:36:54,End Save Trend Data ,51
2018-05-05 11:38:41,Ending Collection,1119
2018-05-05 11:40:54,End Capture Object Inventory,51
2018-05-05 11:40:54,Populate Quick Info Stats,0
2018-05-05 11:41:00,End Prepare Query specifications,6
2018-05-05 11:43:52,End Capture Trend Data ,172
2018-05-05 11:45:42,End Capture Config Data ,110
2018-05-05 11:46:15,End Capture Inventory Tree ,33
2018-05-05 11:55:56,End Collect All Config ,614
2018-05-05 11:56:45,End Save Trend Data ,49
2018-05-05 11:58:31,Ending Collection,1109
2018-05-05 12:00:55,End Capture Object Inventory,52
2018-05-05 12:00:55,Populate Quick Info Stats,0
2018-05-05 12:01:01,End Prepare Query specifications,6
2018-05-05 12:03:53,End Capture Trend Data ,172
2018-05-05 12:05:42,End Capture Config Data ,109
2018-05-05 12:06:18,End Capture Inventory Tree ,36
2018-05-05 12:15:55,End Collect All Config ,613
2018-05-05 12:16:45,End Save Trend Data ,50
2018-05-05 12:18:32,Ending Collection,1110
2018-05-05 12:20:54,End Capture Object Inventory,51
2018-05-05 12:20:54,Populate Quick Info Stats,0
2018-05-05 12:21:00,End Prepare Query specifications,6
2018-05-05 12:23:50,End Capture Trend Data ,170
2018-05-05 12:25:41,End Capture Config Data ,111
2018-05-05 12:26:17,End Capture Inventory Tree ,36
2018-05-05 12:35:55,End Collect All Config ,614
2018-05-05 12:36:44,End Save Trend Data ,49
2018-05-05 12:38:29,Ending Collection,1107
2018-05-05 12:40:53,End Capture Object Inventory,50
2018-05-05 12:40:53,Populate Quick Info Stats,0
2018-05-05 12:40:59,End Prepare Query specifications,6
2018-05-05 12:43:48,End Capture Trend Data ,169
2018-05-05 12:45:37,End Capture Config Data ,109
2018-05-05 12:46:10,End Capture Inventory Tree ,33
2018-05-05 12:55:47,End Collect All Config ,610
2018-05-05 12:56:36,End Save Trend Data ,49
2018-05-05 12:58:23,Ending Collection,1101
2018-05-05 13:00:55,End Capture Object Inventory,52
2018-05-05 13:00:55,Populate Quick Info Stats,0
2018-05-05 13:01:01,End Prepare Query specifications,6
2018-05-05 13:03:52,End Capture Trend Data ,171
2018-05-05 13:05:41,End Capture Config Data ,109
2018-05-05 13:06:18,End Capture Inventory Tree ,37
2018-05-05 13:15:52,End Collect All Config ,611
2018-05-05 13:16:44,End Save Trend Data ,52
2018-05-05 13:18:30,Ending Collection,1108
2018-05-05 13:20:54,End Capture Object Inventory,52
2018-05-05 13:20:54,Populate Quick Info Stats,0
2018-05-05 13:20:59,End Prepare Query specifications,5
2018-05-05 13:23:50,End Capture Trend Data ,171
2018-05-05 13:25:39,End Capture Config Data ,109
2018-05-05 13:26:12,End Capture Inventory Tree ,33
2018-05-05 13:35:50,End Collect All Config ,611
2018-05-05 13:36:39,End Save Trend Data ,49
2018-05-05 13:38:26,Ending Collection,1104
2018-05-05 13:40:56,End Capture Object Inventory,53
2018-05-05 13:40:56,Populate Quick Info Stats,0
2018-05-05 13:41:02,End Prepare Query specifications,6
2018-05-05 13:43:55,End Capture Trend Data ,173
2018-05-05 13:45:44,End Capture Config Data ,109
2018-05-05 13:46:17,End Capture Inventory Tree ,33
2018-05-05 13:55:52,End Collect All Config ,608
2018-05-05 13:56:41,End Save Trend Data ,49
2018-05-05 13:58:28,Ending Collection,1106
2018-05-05 14:00:54,End Capture Object Inventory,51
2018-05-05 14:00:54,Populate Quick Info Stats,0
2018-05-05 14:01:00,End Prepare Query specifications,6
2018-05-05 14:03:53,End Capture Trend Data ,173
2018-05-05 14:05:41,End Capture Config Data ,108
2018-05-05 14:06:14,End Capture Inventory Tree ,33
2018-05-05 14:15:47,End Collect All Config ,606
2018-05-05 14:16:37,End Save Trend Data ,50
2018-05-05 14:18:23,Ending Collection,1101
2018-05-05 14:20:52,End Capture Object Inventory,49
2018-05-05 14:20:52,Populate Quick Info Stats,0
2018-05-05 14:20:58,End Prepare Query specifications,6
2018-05-05 14:23:48,End Capture Trend Data ,170
2018-05-05 14:25:36,End Capture Config Data ,108
2018-05-05 14:26:09,End Capture Inventory Tree ,33
2018-05-05 14:35:32,End Collect All Config ,596
2018-05-05 14:36:19,End Save Trend Data ,47
2018-05-05 14:37:59,Ending Collection,1077
2018-05-05 14:40:54,End Capture Object Inventory,51
2018-05-05 14:40:54,Populate Quick Info Stats,0
2018-05-05 14:41:00,End Prepare Query specifications,6
2018-05-05 14:43:49,End Capture Trend Data ,169
2018-05-05 14:45:38,End Capture Config Data ,109
2018-05-05 14:46:11,End Capture Inventory Tree ,33
2018-05-05 14:55:45,End Collect All Config ,607
2018-05-05 14:56:34,End Save Trend Data ,49
2018-05-05 14:58:20,Ending Collection,1098
2018-05-05 15:20:55,End Capture Object Inventory,53
2018-05-05 15:20:55,Populate Quick Info Stats,0
2018-05-05 15:21:01,End Prepare Query specifications,6
2018-05-05 15:24:02,End Capture Trend Data ,181
2018-05-05 15:25:59,End Capture Config Data ,117
2018-05-05 15:26:31,End Capture Inventory Tree ,32
2018-05-05 15:37:01,End Collect All Config ,662
2018-05-05 15:37:53,End Save Trend Data ,52
2018-05-05 15:39:52,Ending Collection,1190
2018-05-05 16:20:58,End Capture Object Inventory,55
2018-05-05 16:20:58,Populate Quick Info Stats,0
2018-05-05 16:21:04,End Prepare Query specifications,6
2018-05-05 16:24:08,End Capture Trend Data ,184
2018-05-05 16:26:04,End Capture Config Data ,116
2018-05-05 16:26:39,End Capture Inventory Tree ,35
2018-05-05 16:37:10,End Collect All Config ,666
2018-05-05 16:38:05,End Save Trend Data ,55
2018-05-05 16:40:06,Ending Collection,1204
2018-05-05 16:40:59,End Capture Object Inventory,57
2018-05-05 16:40:59,Populate Quick Info Stats,0
2018-05-05 16:41:06,End Prepare Query specifications,7
2018-05-05 16:44:23,End Capture Trend Data ,197
2018-05-05 16:46:20,End Capture Config Data ,117
2018-05-05 16:46:52,End Capture Inventory Tree ,32
2018-05-05 16:57:17,End Collect All Config ,657
2018-05-05 16:58:10,End Save Trend Data ,53
2018-05-05 17:00:03,Ending Collection,1201
2018-05-05 17:00:56,End Capture Object Inventory,53
2018-05-05 17:00:56,Populate Quick Info Stats,0
2018-05-05 17:01:02,End Prepare Query specifications,6
2018-05-05 17:03:52,End Capture Trend Data ,170
2018-05-05 17:05:38,End Capture Config Data ,106
2018-05-05 17:06:11,End Capture Inventory Tree ,33
2018-05-05 17:15:44,End Collect All Config ,606
2018-05-05 17:16:33,End Save Trend Data ,49
2018-05-05 17:18:17,Ending Collection,1094
2018-05-05 17:20:53,End Capture Object Inventory,50
2018-05-05 17:20:53,Populate Quick Info Stats,0
2018-05-05 17:20:59,End Prepare Query specifications,6
2018-05-05 17:23:48,End Capture Trend Data ,169
2018-05-05 17:25:36,End Capture Config Data ,108
2018-05-05 17:26:09,End Capture Inventory Tree ,33
2018-05-05 17:35:41,End Collect All Config ,605
2018-05-05 17:36:29,End Save Trend Data ,48
2018-05-05 17:38:16,Ending Collection,1094
2018-05-05 17:40:53,End Capture Object Inventory,50
2018-05-05 17:40:53,Populate Quick Info Stats,0
2018-05-05 17:40:59,End Prepare Query specifications,6
2018-05-05 17:43:46,End Capture Trend Data ,167
2018-05-05 17:45:33,End Capture Config Data ,107
2018-05-05 17:46:05,End Capture Inventory Tree ,32
2018-05-05 17:55:33,End Collect All Config ,600
2018-05-05 17:56:21,End Save Trend Data ,48
2018-05-05 17:58:07,Ending Collection,1085
2018-05-05 18:00:56,End Capture Object Inventory,54
2018-05-05 18:00:56,Populate Quick Info Stats,0
2018-05-05 18:01:02,End Prepare Query specifications,6
2018-05-05 18:03:54,End Capture Trend Data ,172
2018-05-05 18:05:42,End Capture Config Data ,108
2018-05-05 18:06:17,End Capture Inventory Tree ,35
2018-05-05 18:15:47,End Collect All Config ,605
2018-05-05 18:16:35,End Save Trend Data ,48
2018-05-05 18:18:21,Ending Collection,1099
2018-05-05 18:20:53,End Capture Object Inventory,51
2018-05-05 18:20:53,Populate Quick Info Stats,0
2018-05-05 18:20:58,End Prepare Query specifications,5
2018-05-05 18:23:46,End Capture Trend Data ,168
2018-05-05 18:25:34,End Capture Config Data ,108
2018-05-05 18:26:06,End Capture Inventory Tree ,32
2018-05-05 18:35:16,End Collect All Config ,582
2018-05-05 18:36:03,End Save Trend Data ,47
2018-05-05 18:37:44,Ending Collection,1063
2018-05-05 18:40:53,End Capture Object Inventory,51
2018-05-05 18:40:53,Populate Quick Info Stats,0
2018-05-05 18:40:59,End Prepare Query specifications,6
2018-05-05 18:43:48,End Capture Trend Data ,169
2018-05-05 18:45:36,End Capture Config Data ,108
2018-05-05 18:46:11,End Capture Inventory Tree ,35
2018-05-05 18:55:23,End Collect All Config ,587
2018-05-05 18:56:11,End Save Trend Data ,48
2018-05-05 18:57:52,Ending Collection,1070
2018-05-05 19:00:55,End Capture Object Inventory,52
2018-05-05 19:00:55,Populate Quick Info Stats,0
2018-05-05 19:01:00,End Prepare Query specifications,5
2018-05-05 19:03:49,End Capture Trend Data ,169
2018-05-05 19:05:37,End Capture Config Data ,108
2018-05-05 19:06:08,End Capture Inventory Tree ,31
2018-05-05 19:15:45,End Collect All Config ,608
2018-05-05 19:16:33,End Save Trend Data ,48
2018-05-05 19:18:19,Ending Collection,1097
2018-05-05 19:20:54,End Capture Object Inventory,51
2018-05-05 19:20:54,Populate Quick Info Stats,0
2018-05-05 19:21:00,End Prepare Query specifications,6
2018-05-05 19:23:48,End Capture Trend Data ,168
2018-05-05 19:25:37,End Capture Config Data ,109
2018-05-05 19:26:10,End Capture Inventory Tree ,33
2018-05-05 19:35:39,End Collect All Config ,602
2018-05-05 19:36:28,End Save Trend Data ,49
2018-05-05 19:38:13,Ending Collection,1091
2018-05-05 19:40:53,End Capture Object Inventory,51
2018-05-05 19:40:53,Populate Quick Info Stats,0
2018-05-05 19:40:58,End Prepare Query specifications,5
2018-05-05 19:43:46,End Capture Trend Data ,168
2018-05-05 19:45:32,End Capture Config Data ,106
2018-05-05 19:46:05,End Capture Inventory Tree ,33
2018-05-05 19:55:34,End Collect All Config ,602
2018-05-05 19:56:23,End Save Trend Data ,49
2018-05-05 19:58:08,Ending Collection,1086
2018-05-05 20:00:55,End Capture Object Inventory,52
2018-05-05 20:00:55,Populate Quick Info Stats,0
2018-05-05 20:01:01,End Prepare Query specifications,6
2018-05-05 20:03:49,End Capture Trend Data ,168
2018-05-05 20:05:37,End Capture Config Data ,108
2018-05-05 20:06:09,End Capture Inventory Tree ,32
2018-05-05 20:15:39,End Collect All Config ,602
2018-05-05 20:16:28,End Save Trend Data ,49
2018-05-05 20:18:14,Ending Collection,1092
2018-05-05 20:20:53,End Capture Object Inventory,51
2018-05-05 20:20:53,Populate Quick Info Stats,0
2018-05-05 20:20:59,End Prepare Query specifications,6
2018-05-05 20:23:45,End Capture Trend Data ,166
2018-05-05 20:25:33,End Capture Config Data ,108
2018-05-05 20:26:08,End Capture Inventory Tree ,35
2018-05-05 20:35:39,End Collect All Config ,606
2018-05-05 20:36:28,End Save Trend Data ,49
2018-05-05 20:38:13,Ending Collection,1091
2018-05-05 20:40:53,End Capture Object Inventory,51
2018-05-05 20:40:53,Populate Quick Info Stats,0
2018-05-05 20:40:59,End Prepare Query specifications,6
2018-05-05 20:43:50,End Capture Trend Data ,171
2018-05-05 20:45:36,End Capture Config Data ,106
2018-05-05 20:46:11,End Capture Inventory Tree ,35
2018-05-05 20:55:36,End Collect All Config ,600
2018-05-05 20:56:25,End Save Trend Data ,49
2018-05-05 20:58:11,Ending Collection,1089
2018-05-05 21:00:58,End Capture Object Inventory,55
2018-05-05 21:00:58,Populate Quick Info Stats,0
2018-05-05 21:01:04,End Prepare Query specifications,6
2018-05-05 21:03:55,End Capture Trend Data ,171
2018-05-05 21:05:49,End Capture Config Data ,114
2018-05-05 21:06:22,End Capture Inventory Tree ,33
2018-05-05 21:15:56,End Collect All Config ,607
2018-05-05 21:16:47,End Save Trend Data ,51
2018-05-05 21:18:33,Ending Collection,1111
2018-05-05 21:20:55,End Capture Object Inventory,52
2018-05-05 21:20:55,Populate Quick Info Stats,0
2018-05-05 21:21:00,End Prepare Query specifications,5
2018-05-05 21:23:51,End Capture Trend Data ,171
2018-05-05 21:25:38,End Capture Config Data ,107
2018-05-05 21:26:08,End Capture Inventory Tree ,30
2018-05-05 21:35:47,End Collect All Config ,609
2018-05-05 21:36:35,End Save Trend Data ,48
2018-05-05 21:38:21,Ending Collection,1099
2018-05-05 21:40:55,End Capture Object Inventory,52
2018-05-05 21:40:55,Populate Quick Info Stats,0
2018-05-05 21:41:00,End Prepare Query specifications,5
2018-05-05 21:43:51,End Capture Trend Data ,171
2018-05-05 21:45:41,End Capture Config Data ,110
2018-05-05 21:46:15,End Capture Inventory Tree ,34
2018-05-05 21:55:58,End Collect All Config ,617
2018-05-05 21:56:47,End Save Trend Data ,49
2018-05-05 21:58:34,Ending Collection,1111
2018-05-05 22:00:58,End Capture Object Inventory,55
2018-05-05 22:00:58,Populate Quick Info Stats,0
2018-05-05 22:01:04,End Prepare Query specifications,6
2018-05-05 22:03:58,End Capture Trend Data ,174
2018-05-05 22:05:50,End Capture Config Data ,112
2018-05-05 22:06:21,End Capture Inventory Tree ,31
2018-05-05 22:16:21,End Collect All Config ,631
2018-05-05 22:17:11,End Save Trend Data ,50
2018-05-05 22:18:58,Ending Collection,1136
2018-05-05 22:20:55,End Capture Object Inventory,52
2018-05-05 22:20:55,Populate Quick Info Stats,0
2018-05-05 22:21:01,End Prepare Query specifications,6
2018-05-05 22:23:58,End Capture Trend Data ,177
2018-05-05 22:25:52,End Capture Config Data ,114
2018-05-05 22:26:30,End Capture Inventory Tree ,38
2018-05-05 22:37:02,End Collect All Config ,670
2018-05-05 22:37:54,End Save Trend Data ,52
2018-05-05 22:39:54,Ending Collection,1192
2018-05-05 23:20:59,End Capture Object Inventory,56
2018-05-05 23:21:00,Populate Quick Info Stats,1
2018-05-05 23:21:06,End Prepare Query specifications,6
2018-05-05 23:24:11,End Capture Trend Data ,185
2018-05-05 23:26:07,End Capture Config Data ,116
2018-05-05 23:26:39,End Capture Inventory Tree ,32
2018-05-05 23:37:07,End Collect All Config ,660
2018-05-05 23:37:59,End Save Trend Data ,52
2018-05-05 23:39:58,Ending Collection,1196
2018-05-06 00:01:03,End Capture Object Inventory,60
2018-05-06 00:01:03,Populate Quick Info Stats,0
2018-05-06 00:01:10,End Prepare Query specifications,7
2018-05-06 00:04:13,End Capture Trend Data ,183
2018-05-06 00:06:05,End Capture Config Data ,112
2018-05-06 00:06:39,End Capture Inventory Tree ,34
2018-05-06 00:16:34,End Collect All Config ,629
2018-05-06 00:17:24,End Save Trend Data ,50
2018-05-06 00:19:12,Ending Collection,1150
2018-05-06 00:20:57,End Capture Object Inventory,54
2018-05-06 00:20:57,Populate Quick Info Stats,0
2018-05-06 00:21:03,End Prepare Query specifications,6
2018-05-06 00:24:03,End Capture Trend Data ,180
2018-05-06 00:26:01,End Capture Config Data ,118
2018-05-06 00:26:37,End Capture Inventory Tree ,36
2018-05-06 00:36:40,End Collect All Config ,639
2018-05-06 00:37:33,End Save Trend Data ,53
2018-05-06 00:39:23,Ending Collection,1161
2018-05-06 00:40:56,End Capture Object Inventory,54
2018-05-06 00:40:56,Populate Quick Info Stats,0
2018-05-06 00:41:02,End Prepare Query specifications,6
2018-05-06 00:43:58,End Capture Trend Data ,176
2018-05-06 00:45:51,End Capture Config Data ,113
2018-05-06 00:46:19,End Capture Inventory Tree ,28
2018-05-06 00:56:30,End Collect All Config ,639
2018-05-06 00:57:20,End Save Trend Data ,50
2018-05-06 00:59:08,Ending Collection,1146
2018-05-06 04:00:58,End Capture Object Inventory,55
2018-05-06 04:00:58,Populate Quick Info Stats,0
2018-05-06 04:01:04,End Prepare Query specifications,6
2018-05-06 04:04:04,End Capture Trend Data ,180
2018-05-06 04:05:59,End Capture Config Data ,115
2018-05-06 04:06:29,End Capture Inventory Tree ,30
2018-05-06 04:15:57,End Collect All Config ,598
2018-05-06 04:16:45,End Save Trend Data ,48
2018-05-06 04:18:30,Ending Collection,1108
2018-05-06 04:20:54,End Capture Object Inventory,52
2018-05-06 04:20:54,Populate Quick Info Stats,0
2018-05-06 04:21:00,End Prepare Query specifications,6
2018-05-06 04:23:47,End Capture Trend Data ,167
2018-05-06 04:25:35,End Capture Config Data ,108
2018-05-06 04:26:08,End Capture Inventory Tree ,33
2018-05-06 04:35:37,End Collect All Config ,602
2018-05-06 04:36:26,End Save Trend Data ,49
2018-05-06 04:38:12,Ending Collection,1090
2018-05-06 04:40:53,End Capture Object Inventory,50
2018-05-06 04:40:53,Populate Quick Info Stats,0
2018-05-06 04:40:58,End Prepare Query specifications,5
2018-05-06 04:43:46,End Capture Trend Data ,168
2018-05-06 04:45:34,End Capture Config Data ,108
2018-05-06 04:46:07,End Capture Inventory Tree ,33
2018-05-06 04:55:36,End Collect All Config ,602
2018-05-06 04:56:24,End Save Trend Data ,48
2018-05-06 04:58:09,Ending Collection,1087
2018-05-06 05:00:54,End Capture Object Inventory,51
2018-05-06 05:00:54,Populate Quick Info Stats,0
2018-05-06 05:01:00,End Prepare Query specifications,6
2018-05-06 05:03:51,End Capture Trend Data ,171
2018-05-06 05:05:39,End Capture Config Data ,108
2018-05-06 05:06:11,End Capture Inventory Tree ,32
2018-05-06 05:15:35,End Collect All Config ,596
2018-05-06 05:16:23,End Save Trend Data ,48
2018-05-06 05:18:07,Ending Collection,1085
2018-05-06 05:20:53,End Capture Object Inventory,51
2018-05-06 05:20:53,Populate Quick Info Stats,0
2018-05-06 05:20:59,End Prepare Query specifications,6
2018-05-06 05:23:47,End Capture Trend Data ,168
2018-05-06 05:25:38,End Capture Config Data ,111
2018-05-06 05:26:11,End Capture Inventory Tree ,33
2018-05-06 05:35:45,End Collect All Config ,607
2018-05-06 05:36:34,End Save Trend Data ,49
2018-05-06 05:38:20,Ending Collection,1098
2018-05-06 05:40:53,End Capture Object Inventory,50
2018-05-06 05:40:53,Populate Quick Info Stats,0
2018-05-06 05:40:59,End Prepare Query specifications,6
2018-05-06 05:43:48,End Capture Trend Data ,169
2018-05-06 05:45:36,End Capture Config Data ,108
2018-05-06 05:46:09,End Capture Inventory Tree ,33
2018-05-06 05:55:40,End Collect All Config ,604
2018-05-06 05:56:28,End Save Trend Data ,48
2018-05-06 05:58:14,Ending Collection,1092
2018-05-06 06:00:55,End Capture Object Inventory,52
2018-05-06 06:00:55,Populate Quick Info Stats,0
2018-05-06 06:01:00,End Prepare Query specifications,5
2018-05-06 06:03:51,End Capture Trend Data ,171
2018-05-06 06:05:39,End Capture Config Data ,108
2018-05-06 06:06:14,End Capture Inventory Tree ,35
2018-05-06 06:15:44,End Collect All Config ,605
2018-05-06 06:16:33,End Save Trend Data ,49
2018-05-06 06:18:17,Ending Collection,1095
2018-05-06 06:20:53,End Capture Object Inventory,50
2018-05-06 06:20:53,Populate Quick Info Stats,0
2018-05-06 06:20:59,End Prepare Query specifications,6
2018-05-06 06:23:50,End Capture Trend Data ,171
2018-05-06 06:25:38,End Capture Config Data ,108
2018-05-06 06:26:12,End Capture Inventory Tree ,34
2018-05-06 06:35:44,End Collect All Config ,606
2018-05-06 06:36:36,End Save Trend Data ,52
2018-05-06 06:38:20,Ending Collection,1098
2018-05-06 06:40:53,End Capture Object Inventory,51
2018-05-06 06:40:53,Populate Quick Info Stats,0
2018-05-06 06:40:58,End Prepare Query specifications,5
2018-05-06 06:43:47,End Capture Trend Data ,169
2018-05-06 06:45:34,End Capture Config Data ,107
2018-05-06 06:46:07,End Capture Inventory Tree ,33
2018-05-06 06:55:37,End Collect All Config ,603
2018-05-06 06:56:25,End Save Trend Data ,48
2018-05-06 06:58:11,Ending Collection,1089
2018-05-06 07:00:54,End Capture Object Inventory,51
2018-05-06 07:00:54,Populate Quick Info Stats,0
2018-05-06 07:00:59,End Prepare Query specifications,5
2018-05-06 07:03:47,End Capture Trend Data ,168
2018-05-06 07:05:34,End Capture Config Data ,107
2018-05-06 07:06:09,End Capture Inventory Tree ,35
2018-05-06 07:15:34,End Collect All Config ,600
2018-05-06 07:16:22,End Save Trend Data ,48
2018-05-06 07:18:07,Ending Collection,1085
2018-05-06 07:20:53,End Capture Object Inventory,50
2018-05-06 07:20:53,Populate Quick Info Stats,0
2018-05-06 07:20:58,End Prepare Query specifications,5
2018-05-06 07:23:48,End Capture Trend Data ,170
2018-05-06 07:25:36,End Capture Config Data ,108
2018-05-06 07:26:09,End Capture Inventory Tree ,33
2018-05-06 07:35:39,End Collect All Config ,603
2018-05-06 07:36:28,End Save Trend Data ,49
2018-05-06 07:38:12,Ending Collection,1090
2018-05-06 07:40:53,End Capture Object Inventory,50
2018-05-06 07:40:53,Populate Quick Info Stats,0
2018-05-06 07:40:59,End Prepare Query specifications,6
2018-05-06 07:43:47,End Capture Trend Data ,168
2018-05-06 07:45:35,End Capture Config Data ,108
2018-05-06 07:46:07,End Capture Inventory Tree ,32
2018-05-06 07:55:20,End Collect All Config ,585
2018-05-06 07:56:08,End Save Trend Data ,48
2018-05-06 07:57:53,Ending Collection,1071
2018-05-06 08:00:58,End Capture Object Inventory,55
2018-05-06 08:00:58,Populate Quick Info Stats,0
2018-05-06 08:01:05,End Prepare Query specifications,7
2018-05-06 08:03:55,End Capture Trend Data ,170
2018-05-06 08:05:45,End Capture Config Data ,110
2018-05-06 08:06:18,End Capture Inventory Tree ,33
2018-05-06 08:15:35,End Collect All Config ,590
2018-05-06 08:16:23,End Save Trend Data ,48
2018-05-06 08:18:04,Ending Collection,1082
2018-05-06 08:20:53,End Capture Object Inventory,50
2018-05-06 08:20:53,Populate Quick Info Stats,0
2018-05-06 08:20:59,End Prepare Query specifications,6
2018-05-06 08:23:49,End Capture Trend Data ,170
2018-05-06 08:25:36,End Capture Config Data ,107
2018-05-06 08:26:09,End Capture Inventory Tree ,33
2018-05-06 08:35:34,End Collect All Config ,598
2018-05-06 08:36:23,End Save Trend Data ,49
2018-05-06 08:38:07,Ending Collection,1085
2018-05-06 08:40:53,End Capture Object Inventory,51
2018-05-06 08:40:53,Populate Quick Info Stats,0
2018-05-06 08:40:59,End Prepare Query specifications,6
2018-05-06 08:43:46,End Capture Trend Data ,167
2018-05-06 08:45:34,End Capture Config Data ,108
2018-05-06 08:46:03,End Capture Inventory Tree ,29
2018-05-06 08:55:31,End Collect All Config ,597
2018-05-06 08:56:20,End Save Trend Data ,49
2018-05-06 08:58:04,Ending Collection,1082
2018-05-06 09:00:55,End Capture Object Inventory,52
2018-05-06 09:00:55,Populate Quick Info Stats,0
2018-05-06 09:01:00,End Prepare Query specifications,5
2018-05-06 09:03:49,End Capture Trend Data ,169
2018-05-06 09:05:39,End Capture Config Data ,110
2018-05-06 09:06:12,End Capture Inventory Tree ,33
2018-05-06 09:15:39,End Collect All Config ,600
2018-05-06 09:16:28,End Save Trend Data ,49
2018-05-06 09:18:13,Ending Collection,1091
2018-05-06 09:20:53,End Capture Object Inventory,51
2018-05-06 09:20:53,Populate Quick Info Stats,0
2018-05-06 09:20:58,End Prepare Query specifications,5
2018-05-06 09:23:49,End Capture Trend Data ,171
2018-05-06 09:25:36,End Capture Config Data ,107
2018-05-06 09:26:05,End Capture Inventory Tree ,29
2018-05-06 09:35:38,End Collect All Config ,602
2018-05-06 09:36:27,End Save Trend Data ,49
2018-05-06 09:38:11,Ending Collection,1090
2018-05-06 09:40:53,End Capture Object Inventory,51
2018-05-06 09:40:53,Populate Quick Info Stats,0
2018-05-06 09:40:58,End Prepare Query specifications,5
2018-05-06 09:43:49,End Capture Trend Data ,171
2018-05-06 09:45:37,End Capture Config Data ,108
2018-05-06 09:46:02,End Capture Inventory Tree ,25
2018-05-06 09:55:50,End Collect All Config ,613
2018-05-06 09:56:38,End Save Trend Data ,48
2018-05-06 09:58:23,Ending Collection,1101
2018-05-06 10:00:55,End Capture Object Inventory,52
2018-05-06 10:00:55,Populate Quick Info Stats,0
2018-05-06 10:01:01,End Prepare Query specifications,6
2018-05-06 10:03:51,End Capture Trend Data ,170
2018-05-06 10:05:39,End Capture Config Data ,108
2018-05-06 10:06:15,End Capture Inventory Tree ,36
2018-05-06 10:15:40,End Collect All Config ,601
2018-05-06 10:16:30,End Save Trend Data ,50
2018-05-06 10:18:15,Ending Collection,1093
2018-05-06 10:20:53,End Capture Object Inventory,50
2018-05-06 10:20:53,Populate Quick Info Stats,0
2018-05-06 10:20:58,End Prepare Query specifications,5
2018-05-06 10:23:44,End Capture Trend Data ,166
2018-05-06 10:25:30,End Capture Config Data ,106
2018-05-06 10:26:05,End Capture Inventory Tree ,35
2018-05-06 10:35:27,End Collect All Config ,597
2018-05-06 10:36:15,End Save Trend Data ,48
2018-05-06 10:38:01,Ending Collection,1079
2018-05-06 10:40:53,End Capture Object Inventory,51
2018-05-06 10:40:53,Populate Quick Info Stats,0
2018-05-06 10:40:58,End Prepare Query specifications,5
2018-05-06 10:43:45,End Capture Trend Data ,167
2018-05-06 10:45:31,End Capture Config Data ,106
2018-05-06 10:46:06,End Capture Inventory Tree ,35
2018-05-06 10:55:30,End Collect All Config ,599
2018-05-06 10:56:18,End Save Trend Data ,48
2018-05-06 10:58:02,Ending Collection,1080
2018-05-06 11:00:57,End Capture Object Inventory,55
2018-05-06 11:00:57,Populate Quick Info Stats,0
2018-05-06 11:01:03,End Prepare Query specifications,6
2018-05-06 11:03:55,End Capture Trend Data ,172
2018-05-06 11:05:44,End Capture Config Data ,109
2018-05-06 11:06:17,End Capture Inventory Tree ,33
2018-05-06 11:15:49,End Collect All Config ,605
2018-05-06 11:16:40,End Save Trend Data ,51
2018-05-06 11:18:25,Ending Collection,1103
2018-05-06 11:20:54,End Capture Object Inventory,52
2018-05-06 11:20:54,Populate Quick Info Stats,0
2018-05-06 11:20:59,End Prepare Query specifications,5
2018-05-06 11:23:50,End Capture Trend Data ,171
2018-05-06 11:25:38,End Capture Config Data ,108
2018-05-06 11:26:10,End Capture Inventory Tree ,32
2018-05-06 11:35:45,End Collect All Config ,607
2018-05-06 11:36:36,End Save Trend Data ,51
2018-05-06 11:38:20,Ending Collection,1099
2018-05-06 11:40:53,End Capture Object Inventory,51
2018-05-06 11:40:53,Populate Quick Info Stats,0
2018-05-06 11:40:59,End Prepare Query specifications,6
2018-05-06 11:43:48,End Capture Trend Data ,169
2018-05-06 11:45:36,End Capture Config Data ,108
2018-05-06 11:46:09,End Capture Inventory Tree ,33
2018-05-06 11:55:39,End Collect All Config ,603
2018-05-06 11:56:30,End Save Trend Data ,51
2018-05-06 11:58:15,Ending Collection,1093
2018-05-06 12:00:54,End Capture Object Inventory,51
2018-05-06 12:00:54,Populate Quick Info Stats,0
2018-05-06 12:01:00,End Prepare Query specifications,6
2018-05-06 12:03:52,End Capture Trend Data ,172
2018-05-06 12:05:41,End Capture Config Data ,109
2018-05-06 12:06:10,End Capture Inventory Tree ,29
2018-05-06 12:15:31,End Collect All Config ,590
2018-05-06 12:16:19,End Save Trend Data ,48
2018-05-06 12:17:58,Ending Collection,1075
2018-05-06 12:20:53,End Capture Object Inventory,51
2018-05-06 12:20:53,Populate Quick Info Stats,0
2018-05-06 12:20:59,End Prepare Query specifications,6
2018-05-06 12:23:51,End Capture Trend Data ,172
2018-05-06 12:25:40,End Capture Config Data ,109
2018-05-06 12:26:10,End Capture Inventory Tree ,30
2018-05-06 12:35:47,End Collect All Config ,607
2018-05-06 12:36:36,End Save Trend Data ,49
2018-05-06 12:38:21,Ending Collection,1099
2018-05-06 12:40:54,End Capture Object Inventory,51
2018-05-06 12:40:54,Populate Quick Info Stats,0
2018-05-06 12:40:59,End Prepare Query specifications,5
2018-05-06 12:43:48,End Capture Trend Data ,169
2018-05-06 12:45:35,End Capture Config Data ,107
2018-05-06 12:46:10,End Capture Inventory Tree ,35
2018-05-06 12:55:39,End Collect All Config ,604
2018-05-06 12:56:28,End Save Trend Data ,49
2018-05-06 12:58:13,Ending Collection,1091
2018-05-06 13:00:55,End Capture Object Inventory,52
2018-05-06 13:00:55,Populate Quick Info Stats,0
2018-05-06 13:01:01,End Prepare Query specifications,6
2018-05-06 13:03:49,End Capture Trend Data ,168
2018-05-06 13:05:37,End Capture Config Data ,108
2018-05-06 13:06:12,End Capture Inventory Tree ,35
2018-05-06 13:15:42,End Collect All Config ,605
2018-05-06 13:16:31,End Save Trend Data ,49
2018-05-06 13:18:16,Ending Collection,1093
2018-05-06 13:20:53,End Capture Object Inventory,51
2018-05-06 13:20:53,Populate Quick Info Stats,0
2018-05-06 13:20:59,End Prepare Query specifications,6
2018-05-06 13:23:49,End Capture Trend Data ,170
2018-05-06 13:25:39,End Capture Config Data ,110
2018-05-06 13:26:11,End Capture Inventory Tree ,32
2018-05-06 13:35:48,End Collect All Config ,609
2018-05-06 13:36:38,End Save Trend Data ,50
2018-05-06 13:38:24,Ending Collection,1102
2018-05-06 13:40:54,End Capture Object Inventory,52
2018-05-06 13:40:54,Populate Quick Info Stats,0
2018-05-06 13:40:59,End Prepare Query specifications,5
2018-05-06 13:43:48,End Capture Trend Data ,169
2018-05-06 13:45:36,End Capture Config Data ,108
2018-05-06 13:46:12,End Capture Inventory Tree ,36
2018-05-06 13:55:43,End Collect All Config ,607
2018-05-06 13:56:32,End Save Trend Data ,49
2018-05-06 13:58:17,Ending Collection,1095
2018-05-06 14:00:54,End Capture Object Inventory,51
2018-05-06 14:00:54,Populate Quick Info Stats,0
2018-05-06 14:01:00,End Prepare Query specifications,6
2018-05-06 14:03:52,End Capture Trend Data ,172
2018-05-06 14:05:41,End Capture Config Data ,109
2018-05-06 14:06:14,End Capture Inventory Tree ,33
2018-05-06 14:15:57,End Collect All Config ,616
2018-05-06 14:16:46,End Save Trend Data ,49
2018-05-06 14:18:33,Ending Collection,1111
2018-05-06 14:20:54,End Capture Object Inventory,52
2018-05-06 14:20:54,Populate Quick Info Stats,0
2018-05-06 14:20:59,End Prepare Query specifications,5
2018-05-06 14:23:50,End Capture Trend Data ,171
2018-05-06 14:25:38,End Capture Config Data ,108
2018-05-06 14:26:10,End Capture Inventory Tree ,32
2018-05-06 14:36:07,End Collect All Config ,629
2018-05-06 14:36:58,End Save Trend Data ,51
2018-05-06 14:38:45,Ending Collection,1123
2018-05-06 14:40:54,End Capture Object Inventory,52
2018-05-06 14:40:54,Populate Quick Info Stats,0
2018-05-06 14:40:59,End Prepare Query specifications,5
2018-05-06 14:43:49,End Capture Trend Data ,170
2018-05-06 14:45:39,End Capture Config Data ,110
2018-05-06 14:46:11,End Capture Inventory Tree ,32
2018-05-06 14:55:51,End Collect All Config ,612
2018-05-06 14:56:40,End Save Trend Data ,49
2018-05-06 14:58:27,Ending Collection,1106
2018-05-06 15:00:56,End Capture Object Inventory,53
2018-05-06 15:00:56,Populate Quick Info Stats,0
2018-05-06 15:01:02,End Prepare Query specifications,6
2018-05-06 15:03:54,End Capture Trend Data ,172
2018-05-06 15:05:43,End Capture Config Data ,109
2018-05-06 15:06:09,End Capture Inventory Tree ,26
2018-05-06 15:15:51,End Collect All Config ,608
2018-05-06 15:16:39,End Save Trend Data ,48
2018-05-06 15:18:26,Ending Collection,1104
2018-05-06 15:20:54,End Capture Object Inventory,51
2018-05-06 15:20:54,Populate Quick Info Stats,0
2018-05-06 15:21:00,End Prepare Query specifications,6
2018-05-06 15:23:58,End Capture Trend Data ,178
2018-05-06 15:25:47,End Capture Config Data ,109
2018-05-06 15:26:23,End Capture Inventory Tree ,36
2018-05-06 15:35:56,End Collect All Config ,609
2018-05-06 15:36:45,End Save Trend Data ,49
2018-05-06 15:38:30,Ending Collection,1108
2018-05-06 15:40:54,End Capture Object Inventory,51
2018-05-06 15:40:54,Populate Quick Info Stats,0
2018-05-06 15:41:00,End Prepare Query specifications,6
2018-05-06 15:43:53,End Capture Trend Data ,173
2018-05-06 15:45:43,End Capture Config Data ,110
2018-05-06 15:46:16,End Capture Inventory Tree ,33
2018-05-06 15:55:52,End Collect All Config ,609
2018-05-06 15:56:40,End Save Trend Data ,48
2018-05-06 15:58:27,Ending Collection,1105
2018-05-06 16:00:54,End Capture Object Inventory,51
2018-05-06 16:00:54,Populate Quick Info Stats,0
2018-05-06 16:01:00,End Prepare Query specifications,6
2018-05-06 16:03:50,End Capture Trend Data ,170
2018-05-06 16:05:37,End Capture Config Data ,107
2018-05-06 16:06:10,End Capture Inventory Tree ,33
2018-05-06 16:15:42,End Collect All Config ,605
2018-05-06 16:16:31,End Save Trend Data ,49
2018-05-06 16:18:17,Ending Collection,1095
2018-05-06 16:20:53,End Capture Object Inventory,50
2018-05-06 16:20:53,Populate Quick Info Stats,0
2018-05-06 16:20:59,End Prepare Query specifications,6
2018-05-06 16:23:47,End Capture Trend Data ,168
2018-05-06 16:25:34,End Capture Config Data ,107
2018-05-06 16:26:10,End Capture Inventory Tree ,36
2018-05-06 16:35:41,End Collect All Config ,607
2018-05-06 16:36:30,End Save Trend Data ,49
2018-05-06 16:38:16,Ending Collection,1094
2018-05-06 16:40:53,End Capture Object Inventory,51
2018-05-06 16:40:53,Populate Quick Info Stats,0
2018-05-06 16:40:59,End Prepare Query specifications,6
2018-05-06 16:43:50,End Capture Trend Data ,171
2018-05-06 16:45:37,End Capture Config Data ,107
2018-05-06 16:46:10,End Capture Inventory Tree ,33
2018-05-06 16:55:40,End Collect All Config ,603
2018-05-06 16:56:28,End Save Trend Data ,48
2018-05-06 16:58:14,Ending Collection,1092
2018-05-06 17:00:54,End Capture Object Inventory,52
2018-05-06 17:00:54,Populate Quick Info Stats,0
2018-05-06 17:01:00,End Prepare Query specifications,6
2018-05-06 17:03:50,End Capture Trend Data ,170
2018-05-06 17:05:38,End Capture Config Data ,108
2018-05-06 17:06:08,End Capture Inventory Tree ,30
2018-05-06 17:15:49,End Collect All Config ,611
2018-05-06 17:16:40,End Save Trend Data ,51
2018-05-06 17:18:26,Ending Collection,1104
2018-05-06 17:20:53,End Capture Object Inventory,51
2018-05-06 17:20:53,Populate Quick Info Stats,0
2018-05-06 17:20:59,End Prepare Query specifications,6
2018-05-06 17:23:47,End Capture Trend Data ,168
2018-05-06 17:25:36,End Capture Config Data ,109
2018-05-06 17:26:06,End Capture Inventory Tree ,30
2018-05-06 17:35:44,End Collect All Config ,608
2018-05-06 17:36:33,End Save Trend Data ,49
2018-05-06 17:38:18,Ending Collection,1097
2018-05-06 17:40:53,End Capture Object Inventory,50
2018-05-06 17:40:53,Populate Quick Info Stats,0
2018-05-06 17:40:59,End Prepare Query specifications,6
2018-05-06 17:43:46,End Capture Trend Data ,167
2018-05-06 17:45:36,End Capture Config Data ,110
2018-05-06 17:46:09,End Capture Inventory Tree ,33
2018-05-06 17:55:36,End Collect All Config ,600
2018-05-06 17:56:25,End Save Trend Data ,49
2018-05-06 17:58:10,Ending Collection,1088
2018-05-06 18:00:57,End Capture Object Inventory,54
2018-05-06 18:00:57,Populate Quick Info Stats,0
2018-05-06 18:01:03,End Prepare Query specifications,6
2018-05-06 18:03:54,End Capture Trend Data ,171
2018-05-06 18:05:43,End Capture Config Data ,109
2018-05-06 18:06:19,End Capture Inventory Tree ,36
2018-05-06 18:15:44,End Collect All Config ,601
2018-05-06 18:16:33,End Save Trend Data ,49
2018-05-06 18:18:18,Ending Collection,1096
2018-05-06 18:20:52,End Capture Object Inventory,50
2018-05-06 18:20:52,Populate Quick Info Stats,0
2018-05-06 18:20:58,End Prepare Query specifications,6
2018-05-06 18:23:47,End Capture Trend Data ,169
2018-05-06 18:25:35,End Capture Config Data ,108
2018-05-06 18:26:08,End Capture Inventory Tree ,33
2018-05-06 18:35:38,End Collect All Config ,603
2018-05-06 18:36:26,End Save Trend Data ,48
2018-05-06 18:38:12,Ending Collection,1090
2018-05-06 18:40:53,End Capture Object Inventory,51
2018-05-06 18:40:53,Populate Quick Info Stats,0
2018-05-06 18:40:59,End Prepare Query specifications,6
2018-05-06 18:43:46,End Capture Trend Data ,167
2018-05-06 18:45:34,End Capture Config Data ,108
2018-05-06 18:46:06,End Capture Inventory Tree ,32
2018-05-06 18:55:36,End Collect All Config ,602
2018-05-06 18:56:25,End Save Trend Data ,49
2018-05-06 18:58:10,Ending Collection,1088
2018-05-06 19:00:55,End Capture Object Inventory,52
2018-05-06 19:00:55,Populate Quick Info Stats,0
2018-05-06 19:01:00,End Prepare Query specifications,5
2018-05-06 19:03:49,End Capture Trend Data ,169
2018-05-06 19:05:37,End Capture Config Data ,108
2018-05-06 19:06:07,End Capture Inventory Tree ,30
2018-05-06 19:15:42,End Collect All Config ,605
2018-05-06 19:16:31,End Save Trend Data ,49
2018-05-06 19:18:15,Ending Collection,1093
2018-05-06 19:20:54,End Capture Object Inventory,51
2018-05-06 19:20:54,Populate Quick Info Stats,0
2018-05-06 19:20:59,End Prepare Query specifications,5
2018-05-06 19:23:49,End Capture Trend Data ,170
2018-05-06 19:25:37,End Capture Config Data ,108
2018-05-06 19:26:06,End Capture Inventory Tree ,29
2018-05-06 19:36:20,End Collect All Config ,643
2018-05-06 19:37:11,End Save Trend Data ,51
2018-05-06 19:39:05,Ending Collection,1143
2018-05-06 19:40:58,End Capture Object Inventory,56
2018-05-06 19:40:58,Populate Quick Info Stats,0
2018-05-06 19:41:04,End Prepare Query specifications,6
2018-05-06 19:43:53,End Capture Trend Data ,169
2018-05-06 19:45:42,End Capture Config Data ,109
2018-05-06 19:46:15,End Capture Inventory Tree ,33
2018-05-06 19:55:42,End Collect All Config ,600
2018-05-06 19:56:31,End Save Trend Data ,49
2018-05-06 19:58:12,Ending Collection,1090
2018-05-06 20:00:54,End Capture Object Inventory,51
2018-05-06 20:00:54,Populate Quick Info Stats,0
2018-05-06 20:01:00,End Prepare Query specifications,6
2018-05-06 20:03:48,End Capture Trend Data ,168
2018-05-06 20:05:36,End Capture Config Data ,108
2018-05-06 20:06:09,End Capture Inventory Tree ,33
2018-05-06 20:15:42,End Collect All Config ,606
2018-05-06 20:16:32,End Save Trend Data ,50
2018-05-06 20:18:18,Ending Collection,1096
2018-05-06 21:40:59,End Capture Object Inventory,56
2018-05-06 21:40:59,Populate Quick Info Stats,0
2018-05-06 21:41:05,End Prepare Query specifications,6
2018-05-06 21:44:13,End Capture Trend Data ,188
2018-05-06 21:46:08,End Capture Config Data ,115
2018-05-06 21:46:41,End Capture Inventory Tree ,33
2018-05-06 21:57:09,End Collect All Config ,661
2018-05-06 21:58:02,End Save Trend Data ,53
2018-05-06 22:00:02,Ending Collection,1200
2018-05-06 23:41:00,End Capture Object Inventory,57
2018-05-06 23:41:00,Populate Quick Info Stats,0
2018-05-06 23:41:06,End Prepare Query specifications,6
2018-05-06 23:44:18,End Capture Trend Data ,192
2018-05-06 23:46:16,End Capture Config Data ,118
2018-05-06 23:46:49,End Capture Inventory Tree ,33
2018-05-06 23:57:05,End Collect All Config ,649
2018-05-06 23:57:58,End Save Trend Data ,53
2018-05-06 23:59:53,Ending Collection,1191
2018-05-07 00:01:02,End Capture Object Inventory,57
2018-05-07 00:01:02,Populate Quick Info Stats,0
2018-05-07 00:01:09,End Prepare Query specifications,7
2018-05-07 00:04:35,End Capture Trend Data ,206
2018-05-07 00:06:34,End Capture Config Data ,119
2018-05-07 00:07:09,End Capture Inventory Tree ,35
2018-05-07 00:17:18,End Collect All Config ,644
2018-05-07 00:18:07,End Save Trend Data ,49
2018-05-07 00:19:57,Ending Collection,1194
2018-05-07 00:20:59,End Capture Object Inventory,56
2018-05-07 00:20:59,Populate Quick Info Stats,0
2018-05-07 00:21:05,End Prepare Query specifications,6
2018-05-07 00:24:16,End Capture Trend Data ,191
2018-05-07 00:26:11,End Capture Config Data ,115
2018-05-07 00:26:42,End Capture Inventory Tree ,31
2018-05-07 00:36:09,End Collect All Config ,598
2018-05-07 00:36:57,End Save Trend Data ,48
2018-05-07 00:38:36,Ending Collection,1114
2018-05-07 00:40:58,End Capture Object Inventory,55
2018-05-07 00:40:58,Populate Quick Info Stats,0
2018-05-07 00:41:04,End Prepare Query specifications,6
2018-05-07 00:44:18,End Capture Trend Data ,194
2018-05-07 00:46:17,End Capture Config Data ,119
2018-05-07 00:46:50,End Capture Inventory Tree ,33
2018-05-07 00:57:09,End Collect All Config ,652
2018-05-07 00:58:01,End Save Trend Data ,52
2018-05-07 00:59:55,Ending Collection,1193
2018-05-07 01:21:00,End Capture Object Inventory,57
2018-05-07 01:21:00,Populate Quick Info Stats,0
2018-05-07 01:21:06,End Prepare Query specifications,6
2018-05-07 01:24:17,End Capture Trend Data ,191
2018-05-07 01:26:14,End Capture Config Data ,117
2018-05-07 01:26:49,End Capture Inventory Tree ,35
2018-05-07 01:37:12,End Collect All Config ,658
2018-05-07 01:38:06,End Save Trend Data ,54
2018-05-07 01:40:05,Ending Collection,1203
2018-05-07 02:21:01,End Capture Object Inventory,58
2018-05-07 02:21:01,Populate Quick Info Stats,0
2018-05-07 02:21:08,End Prepare Query specifications,7
2018-05-07 02:24:20,End Capture Trend Data ,192
2018-05-07 02:26:18,End Capture Config Data ,118
2018-05-07 02:26:53,End Capture Inventory Tree ,35
2018-05-07 02:37:05,End Collect All Config ,647
2018-05-07 02:37:57,End Save Trend Data ,52
2018-05-07 02:39:53,Ending Collection,1191
2018-05-07 02:40:58,End Capture Object Inventory,55
2018-05-07 02:40:58,Populate Quick Info Stats,0
2018-05-07 02:41:04,End Prepare Query specifications,6
2018-05-07 02:44:11,End Capture Trend Data ,187
2018-05-07 02:46:09,End Capture Config Data ,118
2018-05-07 02:46:45,End Capture Inventory Tree ,36
2018-05-07 02:57:08,End Collect All Config ,659
2018-05-07 02:58:02,End Save Trend Data ,54
2018-05-07 02:59:58,Ending Collection,1196
2018-05-07 03:00:59,End Capture Object Inventory,56
2018-05-07 03:00:59,Populate Quick Info Stats,0
2018-05-07 03:01:05,End Prepare Query specifications,6
2018-05-07 03:04:29,End Capture Trend Data ,204
2018-05-07 03:06:30,End Capture Config Data ,121
2018-05-07 03:07:03,End Capture Inventory Tree ,33
2018-05-07 03:17:16,End Collect All Config ,646
2018-05-07 03:18:08,End Save Trend Data ,52
2018-05-07 03:20:03,Ending Collection,1201
2018-05-07 03:21:00,End Capture Object Inventory,57
2018-05-07 03:21:00,Populate Quick Info Stats,0
2018-05-07 03:21:06,End Prepare Query specifications,6
2018-05-07 03:24:09,End Capture Trend Data ,183
2018-05-07 03:26:05,End Capture Config Data ,116
2018-05-07 03:26:40,End Capture Inventory Tree ,35
2018-05-07 03:36:56,End Collect All Config ,651
2018-05-07 03:37:49,End Save Trend Data ,53
2018-05-07 03:39:43,Ending Collection,1181
2018-05-07 06:21:00,End Capture Object Inventory,58
2018-05-07 06:21:00,Populate Quick Info Stats,0
2018-05-07 06:21:06,End Prepare Query specifications,6
2018-05-07 06:24:18,End Capture Trend Data ,192
2018-05-07 06:26:19,End Capture Config Data ,121
2018-05-07 06:26:55,End Capture Inventory Tree ,36
2018-05-07 06:37:10,End Collect All Config ,651
2018-05-07 06:38:03,End Save Trend Data ,53
2018-05-07 06:39:59,Ending Collection,1197
2018-05-07 06:40:58,End Capture Object Inventory,55
2018-05-07 06:40:58,Populate Quick Info Stats,0
2018-05-07 06:41:04,End Prepare Query specifications,6
2018-05-07 06:44:16,End Capture Trend Data ,192
2018-05-07 06:46:14,End Capture Config Data ,118
2018-05-07 06:46:52,End Capture Inventory Tree ,38
2018-05-07 06:56:58,End Collect All Config ,644
2018-05-07 06:57:50,End Save Trend Data ,52
2018-05-07 06:59:46,Ending Collection,1184
2018-05-07 07:40:57,End Capture Object Inventory,54
2018-05-07 07:40:57,Populate Quick Info Stats,0
2018-05-07 07:41:04,End Prepare Query specifications,7
2018-05-07 07:44:12,End Capture Trend Data ,188
2018-05-07 07:46:10,End Capture Config Data ,118
2018-05-07 07:46:45,End Capture Inventory Tree ,35
2018-05-07 07:57:12,End Collect All Config ,662
2018-05-07 07:58:08,End Save Trend Data ,56
2018-05-07 08:00:08,Ending Collection,1206
